"id","lat","long","cost","start","end","NAME"
1000006,-15.75,-47.75,58636.3636363636,2015,2017,"Itapoã"
1000006,-12,-42,58636.3636363636,2015,2017,"Barra do Mendes"
1000006,-15.5807,-49.6362,58636.3636363636,2015,2017,"Uruana"
1000006,-13,-56,58636.3636363636,2015,2017,"Lucas do Rio Verde"
1000006,-20.5,-55,58636.3636363636,2015,2017,"Terenos"
1000006,-18,-44,58636.3636363636,2015,2017,"Augusto de Lima"
1000006,-22,-49,58636.3636363636,2015,2017,"Iacanga"
1000006,-10.5,-48,58636.3636363636,2015,2017,"Monte do Carmo"
1000006,-5,-45,58636.3636363636,2015,2017,"São Roberto"
1000006,-24.5,-51.3333,58636.3636363636,2015,2017,"Cândido de Abreu"
1000006,-7.25,-42.3333,58636.3636363636,2015,2017,"São Francisco do Piauí"
1000020,-12,-42,41250,2014,2017,"Barra do Mendes"
1000020,-10.5,-48,41250,2014,2017,"Monte do Carmo"
1000020,-5,-45,41250,2014,2017,"São Roberto"
1000020,-7.25,-42.3333,41250,2014,2017,"São Francisco do Piauí"
1000026,-12,-42,6285866.66666667,2014,2019,"Barra do Mendes"
1000026,-7.25,-36.5,6285866.66666667,2014,2019,"Gurjão"
1000026,-9.5833,-36.4167,6285866.66666667,2014,2019,"Tanque d'Arca"
1000026,-20,-40.75,6285866.66666667,2014,2019,"Santa Maria de Jetibá"
1000026,-8.3333,-37.75,6285866.66666667,2014,2019,"Custódia"
1000026,-27,-50,6285866.66666667,2014,2019,"Salete"
1000026,-22,-49,6285866.66666667,2014,2019,"Iacanga"
1000026,-10.5,-37.3333,6285866.66666667,2014,2019,"Nossa Senhora das Dores"
1000026,-5,-39.5,6285866.66666667,2014,2019,"Madalena"
1000026,-5,-45,6285866.66666667,2014,2019,"São Roberto"
1000026,-4,-53,6285866.66666667,2014,2019,"Altamira"
1000026,-24.5,-51.3333,6285866.66666667,2014,2019,"Cândido de Abreu"
1000026,-5.75,-36.5,6285866.66666667,2014,2019,"Fernando Pedroza"
1000026,-30,-53.5,6285866.66666667,2014,2019,"Formigueiro"
1000026,-22.25,-42.5,6285866.66666667,2014,2019,"Nova Friburgo"
1000027,-12,-42,660000,2014,2017,"Barra do Mendes"
1000037,-7.25,-42.3333,660000,2014,2017,"São Francisco do Piauí"
1000088,-13,-56,6625800,2012,2016,"Lucas do Rio Verde"
1000088,-11,-63,6625800,2012,2016,"Jaru"
1000088,-9,-70,6625800,2012,2016,"Santa Rosa do Purus"
1000088,1,-52,6625800,2012,2016,"Serra do Navio"
1000088,-3.75,-64.5,6625800,2012,2016,"Tefé"
1000088,-4,-53,6625800,2012,2016,"Altamira"
1000101,-22.25,-42.5,4900000,2011,2016,"Nova Friburgo"
1000115,-19.8682,-50.3376,495454.545454545,2010,2014,"Iturama"
1000115,-22.0561,-48.7076,495454.545454545,2010,2014,"Bariri"
1000115,-22.1571,-48.7511,495454.545454545,2010,2014,"Boracéia"
1000115,-20.1314,-48.5607,495454.545454545,2010,2014,"Guaíra"
1000115,-22.1676,-48.7886,495454.545454545,2010,2014,"Boracéia"
1000115,-21.047,-50.1778,495454.545454545,2010,2014,"Buritama"
1000115,-21.5415,-46.6225,495454.545454545,2010,2014,"Caconde"
1000115,-22,-49,495454.545454545,2010,2014,"Iacanga"
1000115,-21.6027,-46.9443,495454.545454545,2010,2014,"São José do Rio Pardo"
1000115,-21.7951,-48.8384,495454.545454545,2010,2014,"Ibitinga"
1000115,-21.7585,-48.9907,495454.545454545,2010,2014,"Iacanga"
1000115,-21.6221,-47.0121,495454.545454545,2010,2014,"Mococa"
1000115,-21.4425,-47.013,495454.545454545,2010,2014,"Mococa"
1000115,-22.3798,-46.8954,495454.545454545,2010,2014,"Mogi Guaçu"
1000115,-19.9376,-50.4146,495454.545454545,2010,2014,"Ouroeste"
1000115,-21.5289,-49.8851,495454.545454545,2010,2014,"Promissão"
1000115,-21.114,-50.1892,495454.545454545,2010,2014,"Brejo Alegre"
1000115,-21.6011,-46.8998,495454.545454545,2010,2014,"São José do Rio Pardo"
1000125,-12,-42,948937.5,2010,2014,"Barra do Mendes"
1000125,-15.5807,-49.6362,948937.5,2010,2014,"Uruana"
1000125,-13,-56,948937.5,2010,2014,"Lucas do Rio Verde"
1000125,-20.5,-55,948937.5,2010,2014,"Terenos"
1000125,-18,-44,948937.5,2010,2014,"Augusto de Lima"
1000125,-10.5,-48,948937.5,2010,2014,"Monte do Carmo"
1000125,-5,-45,948937.5,2010,2014,"São Roberto"
1000125,-7.25,-42.3333,948937.5,2010,2014,"São Francisco do Piauí"
1000131,-15.75,-47.75,1164545.45454545,2010,2015,"Itapoã"
1000131,-12,-42,1164545.45454545,2010,2015,"Barra do Mendes"
1000131,-15.5807,-49.6362,1164545.45454545,2010,2015,"Uruana"
1000131,-13,-56,1164545.45454545,2010,2015,"Lucas do Rio Verde"
1000131,-20.5,-55,1164545.45454545,2010,2015,"Terenos"
1000131,-18,-44,1164545.45454545,2010,2015,"Augusto de Lima"
1000131,-22,-49,1164545.45454545,2010,2015,"Iacanga"
1000131,-10.5,-48,1164545.45454545,2010,2015,"Monte do Carmo"
1000131,-5,-45,1164545.45454545,2010,2015,"São Roberto"
1000131,-24.5,-51.3333,1164545.45454545,2010,2015,"Cândido de Abreu"
1000131,-7.25,-42.3333,1164545.45454545,2010,2015,"São Francisco do Piauí"
1000144,-29.6263,-53.224,297480,2009,2016,"Agudo"
1000144,-29.7535,-55.8926,297480,2009,2016,"Alegrete"
1000144,-32.1795,-52.8665,297480,2009,2016,"Arroio Grande"
1000144,-30.1745,-57.3101,297480,2009,2016,"Barra do Quaraí"
1000144,-30.9196,-51.853,297480,2009,2016,"Camaquã"
1000144,-31.2444,-51.7724,297480,2009,2016,"Camaquã"
1000144,-29.9212,-51.1767,297480,2009,2016,"Canoas"
1000144,-29.9548,-51.2932,297480,2009,2016,"Porto Alegre"
1000144,-30.089,-51.534,297480,2009,2016,"Eldorado do Sul"
1000144,-30.6037,-52.6828,297480,2009,2016,"Encruzilhada do Sul"
1000144,-29.4089,-53.1825,297480,2009,2016,"Ibarama"
1000144,-29.1705,-56.0643,297480,2009,2016,"Itaqui"
1000144,-29.0582,-55.611,297480,2009,2016,"Maçambará"
1000144,-29.8326,-51.2743,297480,2009,2016,"Nova Santa Rita"
1000144,-30.3857,-50.9814,297480,2009,2016,"Viamão"
1000144,-30.1885,-57.4996,297480,2009,2016,"Barra do Quaraí"
1000144,-30.81,-52.92,297480,2009,2016,"Encruzilhada do Sul"
1000144,-30.1146,-51.1639,297480,2009,2016,"Porto Alegre"
1000144,-30.11,-50.88,297480,2009,2016,"Viamão"
1000144,-29.92,-55.78,297480,2009,2016,"Alegrete"
1000144,-32.14,-52.69,297480,2009,2016,"Arroio Grande"
1000144,-28.98,-56.2,297480,2009,2016,"Itaqui"
1000144,-28.7638,-55.7899,297480,2009,2016,"São Borja"
1000144,-29.8225,-51.5603,297480,2009,2016,"Triunfo"
1000144,-30.2042,-50.9222,297480,2009,2016,"Viamão"
1000155,-15.7797,-47.9297,6500000,2008,2012,"Plano Piloto"
1000157,-15.75,-47.75,1732142.85714286,2008,2014,"Itapoã"
1000157,-12,-42,1732142.85714286,2008,2014,"Barra do Mendes"
1000157,-7.25,-36.5,1732142.85714286,2008,2014,"Gurjão"
1000157,-9.5833,-36.4167,1732142.85714286,2008,2014,"Tanque d'Arca"
1000157,-20,-40.75,1732142.85714286,2008,2014,"Santa Maria de Jetibá"
1000157,-15.5807,-49.6362,1732142.85714286,2008,2014,"Uruana"
1000157,-13,-56,1732142.85714286,2008,2014,"Lucas do Rio Verde"
1000157,-20.5,-55,1732142.85714286,2008,2014,"Terenos"
1000157,-18,-44,1732142.85714286,2008,2014,"Augusto de Lima"
1000157,-8.3333,-37.75,1732142.85714286,2008,2014,"Custódia"
1000157,-11,-63,1732142.85714286,2008,2014,"Jaru"
1000157,-27,-50,1732142.85714286,2008,2014,"Salete"
1000157,-22,-49,1732142.85714286,2008,2014,"Iacanga"
1000157,-10.5,-37.3333,1732142.85714286,2008,2014,"Nossa Senhora das Dores"
1000157,-10.5,-48,1732142.85714286,2008,2014,"Monte do Carmo"
1000157,-9,-70,1732142.85714286,2008,2014,"Santa Rosa do Purus"
1000157,1,-52,1732142.85714286,2008,2014,"Serra do Navio"
1000157,-3.75,-64.5,1732142.85714286,2008,2014,"Tefé"
1000157,-5,-39.5,1732142.85714286,2008,2014,"Madalena"
1000157,-5,-45,1732142.85714286,2008,2014,"São Roberto"
1000157,-4,-53,1732142.85714286,2008,2014,"Altamira"
1000157,-24.5,-51.3333,1732142.85714286,2008,2014,"Cândido de Abreu"
1000157,-7.25,-42.3333,1732142.85714286,2008,2014,"São Francisco do Piauí"
1000157,-5.75,-36.5,1732142.85714286,2008,2014,"Fernando Pedroza"
1000157,-30,-53.5,1732142.85714286,2008,2014,"Formigueiro"
1000157,-15.7797,-47.9297,1732142.85714286,2008,2014,"Plano Piloto"
1000157,-22.25,-42.5,1732142.85714286,2008,2014,"Nova Friburgo"
1000167,-20,-40.75,936000,2008,2014,"Santa Maria de Jetibá"
1000167,-20.4131,-41.0231,936000,2008,2014,"Domingos Martins"
1000167,-20.3194,-40.3378,936000,2008,2014,"Vitória"
1000205,-6.589,-40.2395,175984.210526316,2007,2013,"Aiuaba"
1000205,-9.86,-38.78,175984.210526316,2007,2013,"Jeremoabo"
1000205,-13.0706,-39.821,175984.210526316,2007,2013,"Brejões"
1000205,-9.8798,-39.1472,175984.210526316,2007,2013,"Canudos"
1000205,-13.796,-41.05,175984.210526316,2007,2013,"Contendas do Sincorá"
1000205,-7.1471,-39.4713,175984.210526316,2007,2013,"Crato"
1000205,-9.1346,-39.6685,175984.210526316,2007,2013,"Curaçá"
1000205,-9.77,-38.61,175984.210526316,2007,2013,"Jeremoabo"
1000205,-12,-42,175984.210526316,2007,2013,"Barra do Mendes"
1000205,-22,-49,175984.210526316,2007,2013,"Iacanga"
1000205,-5,-39.5,175984.210526316,2007,2013,"Madalena"
1000205,-9.111,-38.4066,175984.210526316,2007,2013,"Glória"
1000205,-3.3289,-40.9637,175984.210526316,2007,2013,"Granja"
1000205,-12.2741,-39.9164,175984.210526316,2007,2013,"Ipirá"
1000205,-12.451,-40.203,175984.210526316,2007,2013,"Itaberaba"
1000205,-12.6284,-39.6823,175984.210526316,2007,2013,"Itatim"
1000205,-9.9209,-38.7263,175984.210526316,2007,2013,"Jeremoabo"
1000205,-9.3968,-40.2338,175984.210526316,2007,2013,"Juazeiro"
1000205,-13.6203,-40.2044,175984.210526316,2007,2013,"Lafaiete Coutinho"
1000205,-9.2809,-38.9146,175984.210526316,2007,2013,"Macururé"
1000205,-13.6501,-40.6199,175984.210526316,2007,2013,"Maracás"
1000205,-14.1541,-39.1474,175984.210526316,2007,2013,"Maraú"
1000205,-13.0403,-40.0078,175984.210526316,2007,2013,"Nova Itarana"
1000205,-5.5828,-40.7401,175984.210526316,2007,2013,"Novo Oriente"
1000205,-6.2541,-40.6088,175984.210526316,2007,2013,"Parambu"
1000205,-11.47,-41.29,175984.210526316,2007,2013,"Morro do Chapéu"
1000205,-9.5523,-38.169,175984.210526316,2007,2013,"Paulo Afonso"
1000205,-13.2735,-40.2232,175984.210526316,2007,2013,"Planaltino"
1000205,-12.5009,-39.5092,175984.210526316,2007,2013,"Rafael Jambeiro"
1000205,-13.55,-41.88,175984.210526316,2007,2013,"Rio de Contas"
1000205,-9.679,-38.1137,175984.210526316,2007,2013,"Santa Brígida"
1000205,-12.6712,-39.5508,175984.210526316,2007,2013,"Santa Teresinha"
1000205,-5.9085,-40.2728,175984.210526316,2007,2013,"Tauá"
1000205,-3.5491,-41.1382,175984.210526316,2007,2013,"Viçosa do Ceará"
1000232,-21.6415,-42.1275,97266.6666666667,2005,2011,"Aperibé"
1000232,-21.1232,-41.6838,97266.6666666667,2005,2011,"Bom Jesus do Itabapoana"
1000232,-21.5081,-41.9489,97266.6666666667,2005,2011,"Cambuci"
1000232,-21.6774,-41.4553,97266.6666666667,2005,2011,"Campos dos Goytacazes"
1000232,-22.2243,-41.6131,97266.6666666667,2005,2011,"Carapebus"
1000232,-21.5117,-41.4612,97266.6666666667,2005,2011,"Cardoso Moreira"
1000232,-22.1261,-41.8534,97266.6666666667,2005,2011,"Conceição de Macabu"
1000232,-21.384,-41.6673,97266.6666666667,2005,2011,"Italva"
1000232,-21.7701,-42.0749,97266.6666666667,2005,2011,"Itaocara"
1000232,-21.2151,-41.9293,97266.6666666667,2005,2011,"Itaperuna"
1000232,-21.2376,-42.1327,97266.6666666667,2005,2011,"Laje do Muriaé"
1000232,-22.308,-42.0122,97266.6666666667,2005,2011,"Macaé"
1000232,-21.3744,-42.1505,97266.6666666667,2005,2011,"Miracema"
1000232,-21.87,-41.88,97266.6666666667,2005,2011,"Campos dos Goytacazes"
1000232,-22.22,-41.55,97266.6666666667,2005,2011,"Carapebus"
1000232,-20.8971,-41.9496,97266.6666666667,2005,2011,"Porciúncula"
1000232,-22.0957,-41.3914,97266.6666666667,2005,2011,"Quissamã"
1000232,-22.25,-42.5,97266.6666666667,2005,2011,"Nova Friburgo"
1000232,-22.3875,-43.1242,97266.6666666667,2005,2011,"Petrópolis"
1000232,-22.9319,-42.727,97266.6666666667,2005,2011,"Maricá"
1000232,-21.75,-41.4833,97266.6666666667,2005,2011,"Campos dos Goytacazes"
1000232,-21.9833,-41.4667,97266.6666666667,2005,2011,"Campos dos Goytacazes"
1000232,-21.7149,-41.3619,97266.6666666667,2005,2011,"Campos dos Goytacazes"
1000232,-21.5725,-42.2109,97266.6666666667,2005,2011,"Santo Antônio de Pádua"
1000232,-21.7163,-41.7891,97266.6666666667,2005,2011,"São Fidélis"
1000232,-21.38,-41.1491,97266.6666666667,2005,2011,"São Francisco de Itabapoana"
1000232,-21.7366,-41.0955,97266.6666666667,2005,2011,"São João da Barra"
1000232,-21.3783,-41.9526,97266.6666666667,2005,2011,"São José de Ubá"
1000232,-20.8984,-41.8198,97266.6666666667,2005,2011,"Varre-Sai"
1000266,-15.7797,-47.9297,1.3e+08,2009,2010,"Plano Piloto"
1000275,-13,-56,5100,2007,2008,"Lucas do Rio Verde"
1000275,-11,-63,5100,2007,2008,"Jaru"
1000275,-10.5,-48,5100,2007,2008,"Monte do Carmo"
1000275,-9,-70,5100,2007,2008,"Santa Rosa do Purus"
1000275,1,-52,5100,2007,2008,"Serra do Navio"
1000275,-3.75,-64.5,5100,2007,2008,"Tefé"
1000275,-5,-45,5100,2007,2008,"São Roberto"
1000275,-4,-53,5100,2007,2008,"Altamira"
1000276,-4,-53,110000,2006,2008,"Altamira"
1000279,-15.7797,-47.9297,1462000,2005,2011,"Plano Piloto"
1000280,-27,-50,119000,2005,2009,"Salete"
1000280,-27.9637,-48.8225,119000,2005,2009,"Paulo Lopes"
1000281,-5,-39.5,30286666.6666667,2005,2007,"Madalena"
1000281,-3.7132,-38.6439,30286666.6666667,2005,2007,"Caucaia"
1000281,-3.7653,-38.4683,30286666.6666667,2005,2007,"Fortaleza"
1000286,-20.5,-55,35000,2005,2010,"Terenos"
1000286,-15.7797,-47.9297,35000,2005,2010,"Plano Piloto"
1000289,-22,-49,813333.333333333,2005,2011,"Iacanga"
1000289,-21.05,-51.7833,813333.333333333,2005,2011,"Três Lagoas"
1000289,-20.8833,-48.1667,813333.333333333,2005,2011,"Morro Agudo"
1000289,-21.6093,-41.0178,813333.333333333,2005,2011,"São Francisco de Itabapoana"
1000289,-22.6,-48.3167,813333.333333333,2005,2011,"Dois Córregos"
1000289,-20.6316,-51.5506,813333.333333333,2005,2011,"Castilho"
1000296,-3.75,-64.5,2620000,2005,2008,"Tefé"
1000298,-15.7797,-47.9297,349800,2004,2008,"Plano Piloto"
1000299,-15.7797,-47.9297,176000,2004,2008,"Plano Piloto"
1000305,-15.7797,-47.9297,120604800,2004,2004,"Plano Piloto"
1000339,-5.74,-54.11,768428.571428571,2002,2008,"Altamira"
1000339,3.39,-61.64,768428.571428571,2002,2008,"Amajari"
1000339,-12.92,-54.49,768428.571428571,2002,2008,"Nova Ubiratã"
1000339,-2.24,-68.33,768428.571428571,2002,2008,"Japurá"
1000339,-9.17,-64.81,768428.571428571,2002,2008,"Porto Velho"
1000339,-13,-56,768428.571428571,2002,2008,"Lucas do Rio Verde"
1000339,-11,-63,768428.571428571,2002,2008,"Jaru"
1000339,-10.5,-48,768428.571428571,2002,2008,"Monte do Carmo"
1000339,-9,-70,768428.571428571,2002,2008,"Santa Rosa do Purus"
1000339,-3.75,-64.5,768428.571428571,2002,2008,"Tefé"
1000339,-9.9,-70.31,768428.571428571,2002,2008,"Manoel Urbano"
1000339,-9.54,-55.84,768428.571428571,2002,2008,"Novo Mundo"
1000339,-13.17,-61.69,768428.571428571,2002,2008,"Pimenteiras do Oeste"
1000339,-10.51,-64.5,768428.571428571,2002,2008,"Nova Mamoré"
1000339,-9.55,-50.04,768428.571428571,2002,2008,"Pium"
1000339,-9.85,-52.62,768428.571428571,2002,2008,"Santa Cruz do Xingu"
1000339,-8.69,-60.68,768428.571428571,2002,2008,"Novo Aripuanã"
1000339,-8.9,-59.02,768428.571428571,2002,2008,"Colniza"
1000339,-2.18,-61.45,768428.571428571,2002,2008,"Novo Airão"
1000339,-8.25,-58.74,768428.571428571,2002,2008,"Apuí"
1000339,-11.66,-64.32,768428.571428571,2002,2008,"Guajará-Mirim"
1000339,-5.81,-52.92,768428.571428571,2002,2008,"São Félix do Xingu"
1000339,-2.53,-60.92,768428.571428571,2002,2008,"Novo Airão"
1000339,-2.26,-62.73,768428.571428571,2002,2008,"Barcelos"
1000339,-8.04,-58.13,768428.571428571,2002,2008,"Apiacás"
1000339,-8.37,-60.76,768428.571428571,2002,2008,"Novo Aripuanã"
1000339,-8.5,-64.4,768428.571428571,2002,2008,"Canutama"
1000339,2.09,-53.15,768428.571428571,2002,2008,"Laranjal do Jari"
1000339,-9.77,-61.72,768428.571428571,2002,2008,"Ji-Paraná"
1000339,1.5,-50.21,768428.571428571,2002,2008,"Amapá"
1000339,-1.07,-56.77,768428.571428571,2002,2008,"Oriximiná"
1000339,-1.27,-59.49,768428.571428571,2002,2008,"Presidente Figueiredo"
1000339,1.32,-61.14,768428.571428571,2002,2008,"Caracaraí"
1000350,-23.18,-53.87,1643000,2002,2009,"Naviraí"
1000350,-24.5,-51.3333,1643000,2002,2009,"Cândido de Abreu"
1000350,-26.8,-51.93,1643000,2002,2009,"Ponte Serrada"
1000350,-23.37,-53.82,1643000,2002,2009,"Naviraí"
1000350,-25.37,-53.78,1643000,2002,2009,"Céu Azul"
1000359,-12,-42,7035000,2001,2008,"Barra do Mendes"
1000359,-20,-40.75,7035000,2001,2008,"Santa Maria de Jetibá"
1000359,-3.75,-64.5,7035000,2001,2008,"Tefé"
1000359,-15.7797,-47.9297,7035000,2001,2008,"Plano Piloto"
1000435,-3.75,-64.5,1976500,1998,2008,"Tefé"
1000435,-15.7797,-47.9297,1976500,1998,2008,"Plano Piloto"
1000490,-15.7797,-47.9297,4e+06,1996,2005,"Plano Piloto"
1000491,-15.7797,-47.9297,8e+06,1996,2004,"Plano Piloto"
1000497,-20,-40.75,1166666.66666667,1995,2000,"Santa Maria de Jetibá"
1000497,-18,-44,1166666.66666667,1995,2000,"Augusto de Lima"
1000497,-10.5,-48,1166666.66666667,1995,2000,"Monte do Carmo"
1000497,-5,-45,1166666.66666667,1995,2000,"São Roberto"
1000497,-4,-53,1166666.66666667,1995,2000,"Altamira"
1000497,-15.7797,-47.9297,1166666.66666667,1995,2000,"Plano Piloto"
1000509,-9,-70,318714.285714286,1994,2006,"Santa Rosa do Purus"
1000509,1,-52,318714.285714286,1994,2006,"Serra do Navio"
1000509,-15.7797,-47.9297,318714.285714286,1994,2006,"Plano Piloto"
1000509,-10.9226,-64.6184,318714.285714286,1994,2006,"Guajará-Mirim"
1000509,-9.0883,-72.4617,318714.285714286,1994,2006,"Marechal Thaumaturgo"
1000509,-10.5386,-69.312,318714.285714286,1994,2006,"Brasiléia"
1000509,-0.6829,-52.0025,318714.285714286,1994,2006,"Mazagão"
1000514,-3.75,-64.5,1661000,1994,1999,"Tefé"
1000514,-4,-53,1661000,1994,1999,"Altamira"
1000514,-15.7797,-47.9297,1661000,1994,1999,"Plano Piloto"
1000545,-14.4391,-55.3437,6734357.14285714,1992,2002,"Rosário Oeste"
1000545,-15.6582,-57.1967,6734357.14285714,1992,2002,"Porto Estrela"
1000545,-16.8695,-57.4802,6734357.14285714,1992,2002,"Poconé"
1000545,-13,-56,6734357.14285714,1992,2002,"Lucas do Rio Verde"
1000545,-14.5958,-58.6445,6734357.14285714,1992,2002,"Tangará da Serra"
1000545,-14.7729,-58.6507,6734357.14285714,1992,2002,"Barra do Bugres"
1000545,-14.4696,-59.1869,6734357.14285714,1992,2002,"Conquista d'Oeste"
1000545,-14.582,-60.2815,6734357.14285714,1992,2002,"Vila Bela da Santíssima Trindade"
1000545,-15.8176,-59.3563,6734357.14285714,1992,2002,"Pontes e Lacerda"
1000545,-15.3447,-55.8225,6734357.14285714,1992,2002,"Cuiabá"
1000545,-17.6554,-57.4567,6734357.14285714,1992,2002,"Poconé"
1000545,-9.0138,-54.6359,6734357.14285714,1992,2002,"Altamira"
1000545,-11.726,-50.722,6734357.14285714,1992,2002,"São Félix do Araguaia"
1000545,-8.5167,-60.7667,6734357.14285714,1992,2002,"Novo Aripuanã"
1000555,-8.6968,-63.9217,2452500,1992,2002,"Porto Velho"
1000555,-10.5666,-59.8497,2452500,1992,2002,"Aripuanã"
1000555,-13.1832,-57.4984,2452500,1992,2002,"Campo Novo do Parecis"
1000555,-13.0825,-60.4942,2452500,1992,2002,"Colorado do Oeste"
1000555,-8.9782,-62.4425,2452500,1992,2002,"Cujubim"
1000555,-8.9508,-63.1139,2452500,1992,2002,"Candeias do Jamari"
1000555,-9.17,-64.81,2452500,1992,2002,"Porto Velho"
1000555,-14.15,-56.93,2452500,1992,2002,"Diamantino"
1000555,-11,-63,2452500,1992,2002,"Jaru"
1000555,-9.9286,-64.4441,2452500,1992,2002,"Porto Velho"
1000555,-9.3775,-64.0535,2452500,1992,2002,"Porto Velho"
1000555,-12.5714,-62.6416,2452500,1992,2002,"São Francisco do Guaporé"
1000555,-13.17,-61.69,2452500,1992,2002,"Pimenteiras do Oeste"
1000555,-10.51,-64.5,2452500,1992,2002,"Nova Mamoré"
1000555,-12.2722,-63.9932,2452500,1992,2002,"Costa Marques"
1000555,-11.1015,-63.372,2452500,1992,2002,"São Miguel do Guaporé"
1000555,-12.5356,-62.8589,2452500,1992,2002,"São Francisco do Guaporé"
1000555,-10.9226,-64.6184,2452500,1992,2002,"Guajará-Mirim"
1000555,-12.4696,-64.2612,2452500,1992,2002,"Costa Marques"
1000555,-11.8046,-64.1866,2452500,1992,2002,"Guajará-Mirim"
1000555,-9.7681,-64.1756,2452500,1992,2002,"Porto Velho"
1000555,-12.7971,-62.8351,2452500,1992,2002,"São Francisco do Guaporé"
1000555,-12.0032,-64.4177,2452500,1992,2002,"Guajará-Mirim"
1000555,-11.1877,-64.4118,2452500,1992,2002,"Guajará-Mirim"
1000555,-12.1547,-62.6423,2452500,1992,2002,"São Miguel do Guaporé"
1000555,-11.0348,-61.2058,2452500,1992,2002,"Cacoal"
1000555,-11.1169,-63.6222,2452500,1992,2002,"Guajará-Mirim"
1000555,-11.0792,-62.3813,2452500,1992,2002,"Urupá"
1000569,-27.4693,-48.5144,3050666.66666667,1990,1998,"Florianópolis"
1000569,-12,-42,3050666.66666667,1990,1998,"Barra do Mendes"
1000569,-20,-40.75,3050666.66666667,1990,1998,"Santa Maria de Jetibá"
1000569,-27,-50,3050666.66666667,1990,1998,"Salete"
1000569,-22,-49,3050666.66666667,1990,1998,"Iacanga"
1000569,-5,-45,3050666.66666667,1990,1998,"São Roberto"
1000569,-24.5,-51.3333,3050666.66666667,1990,1998,"Cândido de Abreu"
1000569,-5.75,-36.5,3050666.66666667,1990,1998,"Fernando Pedroza"
1000569,-30,-53.5,3050666.66666667,1990,1998,"Formigueiro"
1000569,-15.7797,-47.9297,3050666.66666667,1990,1998,"Plano Piloto"
1000569,-18.4538,-39.7143,3050666.66666667,1990,1998,"Conceição da Barra"
1000569,-12.8847,-41.3979,3050666.66666667,1990,1998,"Mucugê"
1000569,-19.3805,-43.5554,3050666.66666667,1990,1998,"Jaboticatubas"
1000569,-5.172,-63.0489,3050666.66666667,1990,1998,"Tapauá"
1000569,-22.25,-42.5,3050666.66666667,1990,1998,"Nova Friburgo"
1000570,-27,-50,6444000,1990,1999,"Salete"
1000570,-27.9637,-48.8225,6444000,1990,1999,"Paulo Lopes"
1000575,-18,-44,7032500,1987,1996,"Augusto de Lima"
1000575,-19.6548,-42.5383,7032500,1987,1996,"Marliéria"
3011468,-18,-44,628683,2001,2006,"Augusto de Lima"
3068851,-15.5961,-56.0967,514646,2003,2007,"Cuiabá"
3068851,-2.4431,-54.7083,514646,2003,2007,"Santarém"
3076557,-15.7797,-47.9297,7184119,2002,2008,"Plano Piloto"
3081390,-1.1656,-51.6274,367330.333333333,2005,2009,"Gurupá"
3081390,-5.621,-50.0641,367330.333333333,2005,2009,"Marabá"
3081390,-2.1349,-52.5962,367330.333333333,2005,2009,"Porto de Moz"
3081407,-4,-53,3166525,2005,2010,"Altamira"
3081415,-13,-56,1092151,2005,2009,"Lucas do Rio Verde"
3081415,-4,-53,1092151,2005,2009,"Altamira"
3081658,-3.75,-64.5,2230842,2005,2008,"Tefé"
3081688,-15.15,-39.33,1146567.5,2005,2009,"Una"
3081688,-15.18,-39.11,1146567.5,2005,2009,"Una"
3114622,-15.5807,-49.6362,1503422,2006,2012,"Uruana"
3114622,-13,-56,1503422,2006,2012,"Lucas do Rio Verde"
3114622,-20.5,-55,1503422,2006,2012,"Terenos"
3114622,-18,-44,1503422,2006,2012,"Augusto de Lima"
3114622,-10.5,-48,1503422,2006,2012,"Monte do Carmo"
3116455,-15.7797,-47.9297,1125996,2006,2010,"Plano Piloto"
3207946,-2.9542,-40.086,417195,2010,2013,"Acaraú"
3207956,-3.75,-64.5,716359,2010,2012,"Tefé"
3221188,-15.7797,-47.9297,2987119,2011,2016,"Plano Piloto"
3279797,-4,-53,7702525,2012,2015,"Altamira"
5000005,-15.7797,-47.9297,750000,1999,2005,"Plano Piloto"
5000008,-15.7797,-47.9297,750000,1999,2005,"Plano Piloto"
5000012,-15.7797,-47.9297,10992900,1998,2000,"Plano Piloto"
5000113,-15.7797,-47.9297,4500000,1991,2008,"Plano Piloto"
5000134,-15.7797,-47.9297,942500,1998,2012,"Plano Piloto"
5000202,-10.2259,-59.6118,2672178.16666667,2001,2015,"Aripuanã"
5000202,-10.8793,-58.651,2672178.16666667,2001,2015,"Castanheira"
5000202,-9.5033,-58.7913,2672178.16666667,2001,2015,"Cotriguaçu"
5000202,-13,-56,2672178.16666667,2001,2015,"Lucas do Rio Verde"
5000202,-11.4033,-59.5081,2672178.16666667,2001,2015,"Juína"
5000202,-10.2899,-58.653,2672178.16666667,2001,2015,"Juruena"
5000207,-15.5807,-49.6362,83333.3333333333,2000,2008,"Uruana"
5000207,-18,-44,83333.3333333333,2000,2008,"Augusto de Lima"
5000207,-14.0341,-47.6192,83333.3333333333,2000,2008,"Cavalcante"
5000207,-15.0854,-45.8405,83333.3333333333,2000,2008,"Cocos"
5000207,-14.2095,-48.0562,83333.3333333333,2000,2008,"Colinas do Sul"
5000207,-14.5,-53.6167,83333.3333333333,2000,2008,"Paranatinga"
5000207,-13.7501,-47.3967,83333.3333333333,2000,2008,"Cavalcante"
5000207,-13.8219,-47.4524,83333.3333333333,2000,2008,"Cavalcante"
5000207,-13.8373,-47.4512,83333.3333333333,2000,2008,"Cavalcante"
5000365,-20,-40.75,30679168.25,2006,2016,"Santa Maria de Jetibá"
5000365,-18,-44,30679168.25,2006,2016,"Augusto de Lima"
5000365,-22,-49,30679168.25,2006,2016,"Iacanga"
5000365,-15.7797,-47.9297,30679168.25,2006,2016,"Plano Piloto"
